file,species
003d61042.png,Fat Hen
0021e90e4.png,Small-flowered Cranesbill
007b3da8b.png,Sugar beet
0086a6340.png,Common Chickweed
00ef713a8.png,Common Chickweed
00d090cde.png,Loose Silky-bent
00c47e980.png,Sugar beet
01291174f.png,Fat Hen
026716f9b.png,Loose Silky-bent
02cfeb38d.png,Loose Silky-bent
03a2ee656.png,Small-flowered Cranesbill
03e322a29.png,Sugar beet
03566743d.png,Fat Hen
0437393b1.png,Fat Hen
043449b0b.png,Sugar beet
03ef36742.png,Scentless Mayweed
04814f36d.png,Scentless Mayweed
05341a8a6.png,Scentless Mayweed
060450d79.png,Common Chickweed
060f1dc84.png,Shepherds Purse
063363305.png,Small-flowered Cranesbill
0625f063b.png,Common Chickweed
071cb3ece.png,Sugar beet
06d12f6fa.png,Shepherds Purse
0751c0bbc.png,Sugar beet
07e62f903.png,Maize
0885e7690.png,Scentless Mayweed
085974290.png,Scentless Mayweed
089ad62a7.png,Common Chickweed
0911d3dee.png,Common Chickweed
08d591441.png,Sugar beet
099b961ec.png,Shepherds Purse
0a64e3e6c.png,Black-grass
0ad9e7dfb.png,Sugar beet
0bf7bfb05.png,Black-grass
0ae6668fa.png,Loose Silky-bent
0c27cf05f.png,Loose Silky-bent
0e8492cb1.png,Sugar beet
0d31e6602.png,Small-flowered Cranesbill
0d117d910.png,Common Chickweed
0c4199daa.png,Loose Silky-bent
0c51bf229.png,Maize
0ebf8f2f4.png,Maize
0dba99002.png,Sugar beet
0c45ace27.png,Common Chickweed
0caeda5df.png,Common wheat
0c5f6c493.png,Loose Silky-bent
122913909.png,Maize
0f6cbe5e8.png,Maize
115f93ecc.png,Loose Silky-bent
0fb233ad6.png,Small-flowered Cranesbill
12625488b.png,Fat Hen
0ee4ad224.png,Scentless Mayweed
11d3f68ff.png,Loose Silky-bent
1191ba346.png,Cleavers
116b136de.png,Sugar beet
126a71ce0.png,Charlock
148bbda66.png,Charlock
1541bdb2e.png,Maize
1312065a5.png,Small-flowered Cranesbill
16467a950.png,Loose Silky-bent
1623fb9e1.png,Fat Hen
14bb43eee.png,Common wheat
13b9fa92d.png,Sugar beet
1376f3b63.png,Loose Silky-bent
16357b436.png,Loose Silky-bent
1459e96a0.png,Cleavers
1364b297a.png,Cleavers
1694a70e4.png,Scentless Mayweed
177d7e2a4.png,Common Chickweed
17a78fb44.png,Common wheat
16fd2e01a.png,Small-flowered Cranesbill
165681fd9.png,Shepherds Purse
172f9b10b.png,Common Chickweed
17529c555.png,Scentless Mayweed
1758a1baf.png,Common Chickweed
1b490196c.png,Shepherds Purse
19fdf19fb.png,Common wheat
187668bde.png,Scentless Mayweed
1b6a6494d.png,Sugar beet
1821eb11a.png,Scentless Mayweed
1926e82fd.png,Loose Silky-bent
19e58cc5e.png,Common Chickweed
19b51843a.png,Common Chickweed
17d5e5ac4.png,Loose Silky-bent
19618ad6a.png,Sugar beet
1be0713da.png,Cleavers
1c680883c.png,Black-grass
1d48b7564.png,Loose Silky-bent
1dc7c45df.png,Loose Silky-bent
1d0cbd819.png,Loose Silky-bent
1d321253f.png,Fat Hen
1d56351b2.png,Common Chickweed
1c52ea820.png,Fat Hen
1cfd91582.png,Charlock
1bf9b94a6.png,Scentless Mayweed
20e562fd5.png,Sugar beet
20ea96bcc.png,Fat Hen
1f290e016.png,Scentless Mayweed
1f3f44563.png,Maize
1f5e5554e.png,Small-flowered Cranesbill
20f983a71.png,Fat Hen
205df1df3.png,Fat Hen
1e095a7e1.png,Small-flowered Cranesbill
1fefb54b7.png,Fat Hen
2126dc71b.png,Common Chickweed
20817c846.png,Scentless Mayweed
24a058589.png,Charlock
219fd68d5.png,Scentless Mayweed
248436078.png,Cleavers
2406d6c99.png,Shepherds Purse
239bdf640.png,Charlock
23e480e64.png,Shepherds Purse
22fbf13d6.png,Loose Silky-bent
241e6935a.png,Sugar beet
223e4af09.png,Cleavers
22e79540f.png,Cleavers
23bc8ec4f.png,Common Chickweed
25a4c427e.png,Loose Silky-bent
24dbc3b21.png,Sugar beet
24d78df74.png,Common Chickweed
24c94a6ca.png,Sugar beet
258b1183c.png,Cleavers
24d36c52c.png,Common Chickweed
25cf6eb73.png,Maize
29f49cd0b.png,Fat Hen
26e7ae885.png,Fat Hen
29ce426a1.png,Common Chickweed
2a667e099.png,Fat Hen
2a5064f19.png,Common wheat
2693e5c65.png,Maize
270b939cf.png,Common Chickweed
288564c76.png,Sugar beet
29bab7cad.png,Common Chickweed
26852751a.png,Charlock
25fa8d109.png,Common wheat
2b55a2da2.png,Charlock
279df95f2.png,Sugar beet
2df78338c.png,Common Chickweed
2ea664465.png,Sugar beet
2d992d1fb.png,Loose Silky-bent
2dd5cfba9.png,Shepherds Purse
2d5058a59.png,Common Chickweed
2e86f1085.png,Fat Hen
2d9c798f9.png,Small-flowered Cranesbill
2bd74d2da.png,Loose Silky-bent
31f3dd81f.png,Loose Silky-bent
31fcdc161.png,Maize
30ad31220.png,Charlock
2ff5cb348.png,Sugar beet
3185294c8.png,Scentless Mayweed
2f0004a7f.png,Common wheat
2f246d688.png,Small-flowered Cranesbill
33448fe39.png,Loose Silky-bent
33317fc2a.png,Fat Hen
3281183f9.png,Scentless Mayweed
3526b05cc.png,Scentless Mayweed
32b42c120.png,Small-flowered Cranesbill
32c86784b.png,Common Chickweed
32a8c8a1d.png,Loose Silky-bent
338c7e907.png,Charlock
34dd57ca9.png,Loose Silky-bent
33748968f.png,Cleavers
37e545a60.png,Common Chickweed
37297a64c.png,Common Chickweed
35cf9fa01.png,Shepherds Purse
36839d5e9.png,Scentless Mayweed
391dcd7fd.png,Black-grass
35a90f8d0.png,Scentless Mayweed
377283a21.png,Maize
37c3108d6.png,Shepherds Purse
36ed4f215.png,Common Chickweed
39858776a.png,Cleavers
35ebe165c.png,Loose Silky-bent
38c054379.png,Small-flowered Cranesbill
36d62bf36.png,Common wheat
37714071b.png,Shepherds Purse
3827436f3.png,Common Chickweed
3a909ead8.png,Small-flowered Cranesbill
3bbef3ecb.png,Scentless Mayweed
3b73c3b61.png,Loose Silky-bent
39c8fde99.png,Loose Silky-bent
3abb502fb.png,Loose Silky-bent
3d67c434b.png,Fat Hen
39b740f7e.png,Loose Silky-bent
3d65168c2.png,Common Chickweed
39d569be4.png,Loose Silky-bent
3da774107.png,Fat Hen
3d38a87bc.png,Loose Silky-bent
3f92d8039.png,Loose Silky-bent
3f826b318.png,Common Chickweed
3dd52bd2a.png,Small-flowered Cranesbill
3edf5e9ef.png,Common wheat
3e9f41817.png,Loose Silky-bent
3fbd0fc6a.png,Common Chickweed
3ebbe9ca4.png,Charlock
3f64c2c1b.png,Common wheat
3eebd36c6.png,Charlock
3eda9cbb6.png,Scentless Mayweed
3efa1f66c.png,Loose Silky-bent
41f1c3cdb.png,Fat Hen
410e6f702.png,Small-flowered Cranesbill
4049a6ea6.png,Loose Silky-bent
41e07778c.png,Cleavers
406ecb5c5.png,Charlock
3fbf1a417.png,Cleavers
406162ef9.png,Charlock
466bb6d3b.png,Maize
44e8b8833.png,Small-flowered Cranesbill
444473900.png,Fat Hen
446f7da01.png,Black-grass
4287d810c.png,Common Chickweed
456d507c0.png,Cleavers
429211ee6.png,Fat Hen
43ede9de9.png,Charlock
42e7ed442.png,Shepherds Purse
4392d93cf.png,Fat Hen
486e59179.png,Common Chickweed
47b7d8e17.png,Small-flowered Cranesbill
46c14fde2.png,Loose Silky-bent
490c4f9c8.png,Fat Hen
4b032563b.png,Common Chickweed
4a337a4a9.png,Fat Hen
48ef6a2ff.png,Common wheat
47f9e5d91.png,Common Chickweed
4ac29bbf0.png,Common Chickweed
48231e475.png,Scentless Mayweed
48d97c645.png,Small-flowered Cranesbill
4823c3ffa.png,Loose Silky-bent
4bbfd1e05.png,Cleavers
4bcdaa5e2.png,Shepherds Purse
4e18ab737.png,Cleavers
4c7838de4.png,Common Chickweed
4b155fb07.png,Maize
4c5ab9b68.png,Cleavers
4c8005bbc.png,Loose Silky-bent
4bbf1f6ea.png,Shepherds Purse
4e1190d78.png,Black-grass
4ea7493d5.png,Sugar beet
5296835a0.png,Small-flowered Cranesbill
521b27a17.png,Loose Silky-bent
4f44ca525.png,Common Chickweed
523e5505c.png,Fat Hen
4f83143e1.png,Maize
50de8a115.png,Shepherds Purse
4e69d100a.png,Small-flowered Cranesbill
506347cfe.png,Cleavers
502dff972.png,Small-flowered Cranesbill
4e9d3765f.png,Charlock
53ceb4657.png,Common Chickweed
5315c2dca.png,Loose Silky-bent
54b3afd58.png,Cleavers
539961189.png,Common Chickweed
52a87abe5.png,Fat Hen
53e6e9000.png,Common wheat
534e74d83.png,Maize
52dc7a4d6.png,Common Chickweed
54c8bb900.png,Charlock
55fed435f.png,Maize
56112b92c.png,Small-flowered Cranesbill
55251925f.png,Common Chickweed
558aa7deb.png,Loose Silky-bent
550a8b7e6.png,Small-flowered Cranesbill
5779fe8b4.png,Fat Hen
56a01b835.png,Cleavers
55920f07f.png,Maize
55a852f40.png,Common Chickweed
599691cd9.png,Small-flowered Cranesbill
592cc5b89.png,Loose Silky-bent
5817b766d.png,Shepherds Purse
590f5aea6.png,Charlock
59358cd44.png,Small-flowered Cranesbill
5883b423d.png,Scentless Mayweed
593896f83.png,Common Chickweed
592473c83.png,Black-grass
599c82eea.png,Scentless Mayweed
589e643b8.png,Shepherds Purse
59f62ad1d.png,Loose Silky-bent
5b3000b9a.png,Maize
5a6bf96f6.png,Maize
59b2c6f2b.png,Common Chickweed
5af1d74ee.png,Sugar beet
5b3beec58.png,Loose Silky-bent
59c6a9f95.png,Fat Hen
5a38ac566.png,Loose Silky-bent
59e1cea8d.png,Cleavers
5eb9c26a6.png,Loose Silky-bent
5bdcfa329.png,Loose Silky-bent
5bbc0a255.png,Common Chickweed
5e6a237f2.png,Sugar beet
5c3cd7ea2.png,Scentless Mayweed
5bd71f445.png,Common Chickweed
5ca0205f9.png,Charlock
5dcad9a53.png,Small-flowered Cranesbill
5b63dcc21.png,Common Chickweed
5bc6595f6.png,Maize
5ee9d0a5b.png,Loose Silky-bent
5ca2687a4.png,Maize
5f04aed97.png,Small-flowered Cranesbill
618de3d7a.png,Charlock
606647f64.png,Common Chickweed
61b044411.png,Loose Silky-bent
6049234e6.png,Fat Hen
60f0bc617.png,Small-flowered Cranesbill
60fea2ef6.png,Sugar beet
60ee66ddd.png,Cleavers
604dd663f.png,Shepherds Purse
632156793.png,Cleavers
615d2b0a9.png,Sugar beet
61dd2cdc5.png,Common wheat
653193c1a.png,Common wheat
64fe8beb9.png,Scentless Mayweed
647689543.png,Loose Silky-bent
668c1007c.png,Charlock
65d08b894.png,Sugar beet
65e262a6d.png,Charlock
63c07d340.png,Sugar beet
664194d19.png,Small-flowered Cranesbill
65e97117e.png,Loose Silky-bent
659412b1a.png,Loose Silky-bent
65489944f.png,Shepherds Purse
6680836dd.png,Sugar beet
6982a9d30.png,Small-flowered Cranesbill
699d3c707.png,Sugar beet
686dc7ec8.png,Black-grass
6a41bf95b.png,Scentless Mayweed
67ce3eaa6.png,Small-flowered Cranesbill
66ab0e8d0.png,Charlock
6a47821f9.png,Loose Silky-bent
6b9d6f8c9.png,Sugar beet
69d1669f8.png,Charlock
675ec1b0b.png,Small-flowered Cranesbill
6908fb540.png,Sugar beet
67e185673.png,Small-flowered Cranesbill
6b721f68e.png,Black-grass
6dd095129.png,Common Chickweed
6d6eb3830.png,Shepherds Purse
6edb96d45.png,Cleavers
6ba4ef411.png,Cleavers
6be169e41.png,Shepherds Purse
6bce55e05.png,Cleavers
6da892be6.png,Small-flowered Cranesbill
6c874918c.png,Black-grass
6db684fff.png,Scentless Mayweed
6df8e31ea.png,Charlock
721b2c47a.png,Fat Hen
721be0a4a.png,Loose Silky-bent
71f5323c5.png,Loose Silky-bent
6edc76e7c.png,Fat Hen
73260a4ee.png,Fat Hen
711b46fba.png,Shepherds Purse
71e73a8a0.png,Sugar beet
71b232519.png,Black-grass
71334c634.png,Maize
728eabae1.png,Charlock
752101fdf.png,Small-flowered Cranesbill
75cb95e91.png,Charlock
74d810f87.png,Loose Silky-bent
754b1adf8.png,Small-flowered Cranesbill
756dd5070.png,Common Chickweed
7506c0c02.png,Scentless Mayweed
74fd477eb.png,Common Chickweed
74068643d.png,Loose Silky-bent
76555b064.png,Loose Silky-bent
780defa2e.png,Common Chickweed
7615e52d3.png,Cleavers
78750e0ff.png,Charlock
7691014a1.png,Charlock
770a265f5.png,Small-flowered Cranesbill
785a73ab8.png,Common Chickweed
780bd2a2c.png,Sugar beet
76dbd1054.png,Scentless Mayweed
7696badea.png,Black-grass
77ccb8b2a.png,Small-flowered Cranesbill
79e5ea8fa.png,Common wheat
78c5fba1d.png,Sugar beet
7b21ba6ba.png,Sugar beet
79fba50db.png,Common Chickweed
79d93bc96.png,Loose Silky-bent
7beb2766f.png,Scentless Mayweed
7a38416be.png,Charlock
79dafec17.png,Loose Silky-bent
7b52585da.png,Loose Silky-bent
7c85b0265.png,Loose Silky-bent
78b1bf91a.png,Sugar beet
800a8c17e.png,Fat Hen
7f31c7f42.png,Loose Silky-bent
7f9e9565d.png,Scentless Mayweed
7fdb7202d.png,Scentless Mayweed
7d22abf91.png,Scentless Mayweed
808578ed5.png,Charlock
7d3045fc3.png,Sugar beet
7d4cd07ad.png,Common Chickweed
7cabd68cc.png,Loose Silky-bent
7f46a71db.png,Sugar beet
7e9cf1c46.png,Common Chickweed
8311740de.png,Fat Hen
8455169fe.png,Common wheat
808cf55c6.png,Shepherds Purse
8104422bb.png,Common Chickweed
835dc5447.png,Small-flowered Cranesbill
8303b27ed.png,Loose Silky-bent
8170d33c1.png,Maize
80e299ae9.png,Shepherds Purse
82b5f4d33.png,Shepherds Purse
851c90831.png,Loose Silky-bent
827279bad.png,Scentless Mayweed
809eb0b82.png,Charlock
8301b0547.png,Charlock
824f5d4e5.png,Sugar beet
837ac0270.png,Scentless Mayweed
855955aaf.png,Small-flowered Cranesbill
862b8e7a0.png,Sugar beet
866be78b0.png,Common Chickweed
86c309150.png,Sugar beet
87608f7aa.png,Charlock
85431c075.png,Loose Silky-bent
8874bba69.png,Loose Silky-bent
8585f9718.png,Loose Silky-bent
86676d627.png,Fat Hen
86f08e6d1.png,Fat Hen
856f2910a.png,Small-flowered Cranesbill
87f627bf9.png,Common Chickweed
88ac6df54.png,Loose Silky-bent
8a32d0bfa.png,Small-flowered Cranesbill
892e9d6c6.png,Scentless Mayweed
88d8a4508.png,Maize
897e5a8de.png,Cleavers
8a30b2de3.png,Sugar beet
8a4d3a1b1.png,Loose Silky-bent
8916793ce.png,Small-flowered Cranesbill
8b9144917.png,Small-flowered Cranesbill
8cf2e3e6c.png,Common Chickweed
8ab8a958b.png,Fat Hen
8bc0261c9.png,Loose Silky-bent
8cf909eb3.png,Charlock
8a8d6c712.png,Cleavers
8b043093d.png,Small-flowered Cranesbill
8c9953903.png,Fat Hen
8ca6140ca.png,Loose Silky-bent
8b27bfd2b.png,Small-flowered Cranesbill
8c98a6e9b.png,Loose Silky-bent
8e4eaeec0.png,Common Chickweed
8cfd98117.png,Scentless Mayweed
8f523520c.png,Shepherds Purse
8ece6efec.png,Scentless Mayweed
8e3ed0a25.png,Small-flowered Cranesbill
8e2e5604e.png,Sugar beet
8dbb8e1b9.png,Charlock
8faadb6a8.png,Sugar beet
8e29abce1.png,Scentless Mayweed
8d6acbe9b.png,Common Chickweed
8d6991365.png,Black-grass
8e6ec1ca6.png,Small-flowered Cranesbill
8db450ce3.png,Common Chickweed
92292055d.png,Common Chickweed
9326bda1b.png,Common Chickweed
9516e56c4.png,Black-grass
93d76fd5d.png,Small-flowered Cranesbill
953496deb.png,Fat Hen
90d119d25.png,Scentless Mayweed
948cdb277.png,Cleavers
90b595f12.png,Common Chickweed
93079d970.png,Sugar beet
91e469b4a.png,Charlock
97b2f0a10.png,Small-flowered Cranesbill
9643fc5f4.png,Charlock
98062cd87.png,Common Chickweed
976e4e079.png,Common Chickweed
97844bfd5.png,Shepherds Purse
969a851be.png,Scentless Mayweed
958bb9e96.png,Charlock
966ae5ad9.png,Loose Silky-bent
96ecad7a1.png,Small-flowered Cranesbill
963544aa0.png,Black-grass
974959ec1.png,Common wheat
96f14d90c.png,Sugar beet
995c7ab1e.png,Black-grass
9a3f20121.png,Loose Silky-bent
9b9911f20.png,Scentless Mayweed
9c0c5b731.png,Loose Silky-bent
99569b224.png,Common wheat
98d819587.png,Shepherds Purse
99036c51d.png,Loose Silky-bent
9aa5587fe.png,Loose Silky-bent
9b4800b42.png,Charlock
9baf94467.png,Sugar beet
9c32a797e.png,Common wheat
98da6ef4e.png,Scentless Mayweed
9cce7328c.png,Loose Silky-bent
9fab816f2.png,Fat Hen
9d79a1f0c.png,Small-flowered Cranesbill
a060c1cf8.png,Maize
9c777333d.png,Common Chickweed
9d3cb4745.png,Common wheat
9df3275da.png,Small-flowered Cranesbill
9c8b08a24.png,Loose Silky-bent
a006a475c.png,Common Chickweed
a0b393945.png,Small-flowered Cranesbill
a169b71e7.png,Charlock
a1da8be3c.png,Maize
a2b703e21.png,Small-flowered Cranesbill
a2d25b4f3.png,Small-flowered Cranesbill
a38b8a581.png,Small-flowered Cranesbill
a35fd6fbb.png,Common Chickweed
a276c65f7.png,Loose Silky-bent
a1e0a6c02.png,Cleavers
a19c3faca.png,Cleavers
a254d71f6.png,Black-grass
a2c89c367.png,Charlock
a0f37c726.png,Small-flowered Cranesbill
a83820a2c.png,Sugar beet
a3d0031fd.png,Loose Silky-bent
a4b61a4ea.png,Loose Silky-bent
a74bf916d.png,Shepherds Purse
a544fc46d.png,Scentless Mayweed
a7bd7cadb.png,Fat Hen
a3b375b34.png,Loose Silky-bent
a74d475c2.png,Common Chickweed
a800caead.png,Sugar beet
a5db42f7d.png,Maize
a55d26a4c.png,Common Chickweed
a935ca110.png,Loose Silky-bent
a8388a37f.png,Fat Hen
a890ac088.png,Charlock
a8da9c08d.png,Charlock
a8de7c1b7.png,Loose Silky-bent
a93f940d6.png,Scentless Mayweed
a8c8a1db0.png,Shepherds Purse
a85fc8c9a.png,Small-flowered Cranesbill
a85b48a95.png,Scentless Mayweed
a8b431a3e.png,Sugar beet
abc331628.png,Common wheat
aad8375e0.png,Shepherds Purse
abf8b0772.png,Scentless Mayweed
ab0f67743.png,Black-grass
ab35453cb.png,Cleavers
acdb75e00.png,Loose Silky-bent
a9d2eab61.png,Black-grass
aa7d098d1.png,Common Chickweed
aaf4da98f.png,Sugar beet
ac75d3326.png,Loose Silky-bent
ac3193f78.png,Common Chickweed
af45e222a.png,Scentless Mayweed
afa446484.png,Small-flowered Cranesbill
b026bf8ca.png,Loose Silky-bent
ad12382d4.png,Loose Silky-bent
afcf6abd5.png,Small-flowered Cranesbill
adb7a032c.png,Loose Silky-bent
aecfaed64.png,Shepherds Purse
ae90f2827.png,Common Chickweed
aee6fa3df.png,Loose Silky-bent
ace8761dd.png,Common Chickweed
b130a0632.png,Cleavers
b31292706.png,Common Chickweed
b145ba9d4.png,Scentless Mayweed
b1cd2a91e.png,Cleavers
b03397525.png,Loose Silky-bent
b341d0aab.png,Common Chickweed
b29339405.png,Loose Silky-bent
b215531dd.png,Cleavers
b30ab4659.png,Cleavers
b2706e2b3.png,Common wheat
b0acaff4a.png,Black-grass
b47691c08.png,Scentless Mayweed
b3d6fdb80.png,Shepherds Purse
b4c3df835.png,Maize
b4f7c9214.png,Black-grass
b39c71707.png,Maize
b573b7a56.png,Loose Silky-bent
b5c7fd009.png,Black-grass
b62dca166.png,Fat Hen
b3e08b037.png,Fat Hen
b9062c1c8.png,Sugar beet
b7192c70f.png,Common wheat
b6a3f7876.png,Black-grass
b687160f5.png,Small-flowered Cranesbill
b7a7f6390.png,Fat Hen
b7ad92859.png,Shepherds Purse
b828443ff.png,Maize
b6f3d8b5d.png,Scentless Mayweed
bb1d1bfd3.png,Cleavers
bb64660b7.png,Sugar beet
b98327bf4.png,Scentless Mayweed
bb1c84bbc.png,Loose Silky-bent
bb20fce02.png,Scentless Mayweed
ba3ce6b3e.png,Scentless Mayweed
b944a49ca.png,Loose Silky-bent
bea23d9f8.png,Scentless Mayweed
bb7621cb3.png,Fat Hen
bd72d4d8a.png,Scentless Mayweed
bebcaab66.png,Scentless Mayweed
bdde957ec.png,Scentless Mayweed
be341dbdc.png,Loose Silky-bent
be2499cf4.png,Black-grass
bd789d151.png,Common Chickweed
bf3924a57.png,Common Chickweed
beebe5f4e.png,Scentless Mayweed
c0461776c.png,Common Chickweed
bffc08672.png,Scentless Mayweed
c069fc3fa.png,Fat Hen
c06e7c748.png,Scentless Mayweed
bfab3e3d0.png,Sugar beet
bf66b9cd2.png,Maize
c0f5d9ac8.png,Small-flowered Cranesbill
c1ecff98b.png,Loose Silky-bent
c35efa095.png,Scentless Mayweed
c10db7ae2.png,Maize
c0d9e170b.png,Small-flowered Cranesbill
c26ccf73c.png,Common Chickweed
c2de6020a.png,Small-flowered Cranesbill
c10ccbd82.png,Scentless Mayweed
c0bc3997b.png,Scentless Mayweed
c5e419015.png,Scentless Mayweed
c5e88cd42.png,Common Chickweed
c6b76307d.png,Cleavers
c5078bac5.png,Loose Silky-bent
c50335991.png,Fat Hen
c63da993b.png,Sugar beet
c4ed8ed38.png,Charlock
c60e91e07.png,Loose Silky-bent
c64370a72.png,Sugar beet
c6c8d4ba0.png,Loose Silky-bent
cae684f8f.png,Charlock
c88ebfb47.png,Small-flowered Cranesbill
c7ae30f3a.png,Scentless Mayweed
c7eb96871.png,Common wheat
c7051c902.png,Common Chickweed
c8f50f0c3.png,Common wheat
c75a82234.png,Scentless Mayweed
c7b07431e.png,Scentless Mayweed
c85ef220d.png,Common Chickweed
cadab6616.png,Shepherds Purse
caa2fbd79.png,Common Chickweed
c74c5b7fc.png,Shepherds Purse
c832e4302.png,Fat Hen
cf90fc52d.png,Maize
cd6adba97.png,Small-flowered Cranesbill
cfb18d262.png,Scentless Mayweed
cf3a8b2fd.png,Loose Silky-bent
ce3d280eb.png,Common Chickweed
ce42adffb.png,Loose Silky-bent
cb496f36e.png,Loose Silky-bent
cfd8165e9.png,Charlock
cbba27d89.png,Maize
cd5f0db1c.png,Small-flowered Cranesbill
cbe761896.png,Charlock
d01873fdd.png,Loose Silky-bent
cc74feadc.png,Black-grass
ce15eee52.png,Charlock
cec5bf198.png,Cleavers
cb76a7766.png,Fat Hen
d09275360.png,Sugar beet
cc3d2a59a.png,Sugar beet
cf46d09c5.png,Common Chickweed
d0152bd7c.png,Fat Hen
d17f48d3b.png,Scentless Mayweed
d2f0f326e.png,Charlock
d2f422ccb.png,Common Chickweed
d2fd9df40.png,Black-grass
d350a25fa.png,Common Chickweed
d102e1a15.png,Cleavers
d0cdc768f.png,Common wheat
d14aa43f3.png,Small-flowered Cranesbill
d09d24c58.png,Loose Silky-bent
d488a4fe1.png,Common wheat
d41d87796.png,Scentless Mayweed
d3331e071.png,Fat Hen
d5f7dd60a.png,Scentless Mayweed
d563be369.png,Fat Hen
d9c50616e.png,Sugar beet
d6c8c3c48.png,Small-flowered Cranesbill
d84d37a61.png,Common Chickweed
d515398fd.png,Loose Silky-bent
da231c97f.png,Scentless Mayweed
d6d31dcbe.png,Scentless Mayweed
d8f4923f8.png,Common Chickweed
d89db156f.png,Small-flowered Cranesbill
d6d80a321.png,Scentless Mayweed
d7017f701.png,Fat Hen
d93c7ab6d.png,Loose Silky-bent
d668409ff.png,Small-flowered Cranesbill
d689256be.png,Black-grass
da9ef7858.png,Charlock
df11d56a7.png,Sugar beet
dcd7ff249.png,Scentless Mayweed
da4ed3a28.png,Charlock
de0b79659.png,Fat Hen
da713c465.png,Black-grass
dc55449b2.png,Sugar beet
da5255450.png,Common Chickweed
dabea05f4.png,Loose Silky-bent
dabe3e5be.png,Small-flowered Cranesbill
dd9f36df7.png,Small-flowered Cranesbill
dc4cd56a3.png,Loose Silky-bent
dd5ec63d9.png,Sugar beet
dce2f6612.png,Common Chickweed
df7cb5f87.png,Common Chickweed
e15472085.png,Common Chickweed
e471f1d3a.png,Charlock
e14afa235.png,Black-grass
e478c452c.png,Sugar beet
e19673dc9.png,Charlock
e1a0e3202.png,Loose Silky-bent
e19ad6ac9.png,Charlock
df521c0c0.png,Loose Silky-bent
dfb1d9012.png,Loose Silky-bent
e1abb4ff9.png,Sugar beet
e3f50adfc.png,Cleavers
e15fce4f2.png,Scentless Mayweed
e4a76885b.png,Maize
e1809cef2.png,Scentless Mayweed
e0ec5b6a1.png,Sugar beet
e721c6ac8.png,Black-grass
e80a259c5.png,Small-flowered Cranesbill
e5881dd33.png,Fat Hen
e5e3dccff.png,Common wheat
e5297b675.png,Loose Silky-bent
e4d5ec761.png,Loose Silky-bent
e73e308be.png,Fat Hen
e5368474f.png,Scentless Mayweed
e7077322d.png,Scentless Mayweed
e6f1211a2.png,Sugar beet
e5064f6be.png,Sugar beet
e52493d0b.png,Common wheat
e783f5a4f.png,Sugar beet
ede6b84b4.png,Cleavers
e88bf0db9.png,Small-flowered Cranesbill
e84464f5a.png,Cleavers
edfdb4aeb.png,Scentless Mayweed
e921021a8.png,Fat Hen
eaf0815e2.png,Small-flowered Cranesbill
ec08a5d56.png,Small-flowered Cranesbill
e9cd91682.png,Common Chickweed
e96e57a90.png,Shepherds Purse
eec1079a1.png,Charlock
e98e5d1d5.png,Black-grass
e82017baa.png,Loose Silky-bent
e9d48d664.png,Shepherds Purse
e901b0f28.png,Fat Hen
ef3e232ad.png,Common Chickweed
eef131644.png,Loose Silky-bent
ef9676433.png,Charlock
f2dc546ca.png,Cleavers
f25996db8.png,Small-flowered Cranesbill
ef7a5651d.png,Scentless Mayweed
f23faf9c1.png,Loose Silky-bent
f4021df6c.png,Fat Hen
f1e87cba7.png,Loose Silky-bent
f3fcfff1b.png,Cleavers
ef74dbcad.png,Scentless Mayweed
f0ffa00bd.png,Sugar beet
ef65533d5.png,Loose Silky-bent
f4234cf4f.png,Fat Hen
f33e9d918.png,Scentless Mayweed
f351ce097.png,Loose Silky-bent
ef02b4ee7.png,Sugar beet
f1f7c833f.png,Shepherds Purse
efe19dc32.png,Charlock
f445fe6fb.png,Charlock
f4caf74f9.png,Charlock
f9ea23fb5.png,Fat Hen
f4ad9d950.png,Sugar beet
f593c9cf0.png,Sugar beet
f85ed9b6d.png,Shepherds Purse
f6d250856.png,Shepherds Purse
f48916a8c.png,Scentless Mayweed
f8318faf1.png,Scentless Mayweed
f9b6bfb00.png,Cleavers
f66ae4070.png,Maize
f4e7733d4.png,Small-flowered Cranesbill
fbf88b6be.png,Charlock
fba8fc78a.png,Black-grass
fd925f542.png,Common Chickweed
fc3e58836.png,Scentless Mayweed
fadc6adbc.png,Charlock
fda0b5c38.png,Common wheat
fa9f3a8f9.png,Cleavers
fda39e16f.png,Loose Silky-bent
fa5fd1384.png,Shepherds Purse
fc6f686fb.png,Sugar beet
f9f35cbd4.png,Common Chickweed
fd253a74e.png,Cleavers
fb022edf9.png,Sugar beet
fd87b36ae.png,Loose Silky-bent
ffc6f8527.png,Common wheat
fef2ade8c.png,Sugar beet
fea3da57c.png,Sugar beet
fea1d13d6.png,Shepherds Purse
fe9e87b78.png,Scentless Mayweed
ff65bc002.png,Charlock
fe29629fb.png,Scentless Mayweed
fdea6b119.png,Black-grass
fea355851.png,Loose Silky-bent
